category,sales,profit,quantity,orders,avg_discount,avg_ship_days,profit_margin
Technology,4744691,663778.73318,35176,8354,0.13534247115669065,3.967754659303816,0.13989925438347828
Office Supplies,3787330,518473.8343,108182,19003,0.13740894701499695,3.9638026412560357,0.13689692588182176
Furniture,4110884,286782.2538,34954,8195,0.16808728230052652,3.988659376265695,0.06976169938144691
