discount_bucket,sales,profit,quantity,orders,avg_discount,avg_ship_days,profit_margin
0%,6992734,1770695.2732,98768,15211,0.0,3.971629494294874,0.25321930924299424
0-10%,1962633,339766.79138,17607,3028,0.08938277409702929,3.9743534943363965,0.17311784290797108
10-20%,1757296,173254.8434,23394,4363,0.1921740516416959,3.9504303474657316,0.09859172467245132
20-30%,382540,-21155.613119999998,3679,843,0.273569803516029,3.9089968976215097,-0.055303009149369996
30-50%,1176078,-380944.81582,22995,3674,0.43556761997091614,4.011148812409113,-0.3239111826086365
50%+,371624,-412581.65776,11869,2369,0.6580862895493768,3.9285714285714284,-1.1102126282479063
