market,sales,profit,quantity,orders,avg_discount,avg_ship_days,profit_margin
APAC,3585833,437577.579,41226,5437,0.1488393019451009,3.9690965279040173,0.12202954766716688
EU,2938139,372829.7415,37773,4593,0.103105,4.0083,0.12689315975180207
US,2297354,286397.0217,37873,5009,0.1562027216329798,3.958875325195117,0.12466386186020961
LATAM,2164687,221643.48708,38526,5138,0.13553118321352245,3.996794249077132,0.10239054749254742
Africa,783776,88871.631,10564,2232,0.1567037279267495,3.910398953564421,0.1133890690707549
EMEA,806184,43897.971,11517,2462,0.19608272022270828,3.9333863591171205,0.0544515532434283
Canada,66932,17817.39,833,201,0.0,3.6770833333333335,0.2662013685531584
