segment,sales,profit,quantity,orders,avg_discount,avg_ship_days,profit_margin
Consumer,6508141,749239.78206,92157,13104,0.1436021570254167,3.953691831963195,0.11512347105878622
Corporate,3824808,442785.85866,53565,7673,0.14293110376563614,3.994037202670296,0.11576681984036846
Home Office,2309956,277009.18056,32590,4687,0.14089714224553143,3.9731349673552394,0.11991967836616801
