year,sales,profit,quantity,orders,avg_discount,avg_ship_days,profit_margin
2011,2259511,248940.81154,31443,4440,0.14818781951544788,3.9518781951544786,0.11017464023852948
2012,2677493,307415.2791,38111,5343,0.1412857142857143,3.9984491881043605,0.11481459675151344
2013,3405860,408512.76018,48136,6721,0.14026538154938764,3.9815928690484816,0.1199440846599684
2014,4300041,504165.97046,60622,8531,0.14329119844846272,3.950544749301238,0.11724678217254207
