abc_class,customers,sales,profit
A,427,7589112,1227368.4734
B,169,2343587,229795.73196
C,132,1761355,77383.68266
Loss,67,948851,-65513.06674
