segment,sales,profit,quantity,rows,orders,avg_discount,profit_margin
Consumer,6508141,749239.78206,92157,26518,13104,0.1436021570254167,0.11512347105878622
Corporate,3824808,442785.85866,53565,15429,7673,0.14293110376563614,0.11576681984036846
Home Office,2309956,277009.18056,32590,9343,4687,0.14089714224553143,0.11991967836616801
